Node_Label, Sequence
k_663,ACCACTGTTGCTACCCCCCTTATTTTGCTAGTCCTACTAAGGGC
k_771,GTCGAACCACTGACGACTACCCTGTACTCAGGGCTTCAGCCATCCAACGAACTCACCACTGTTGCTACCCCCC
k_2137,GTCCACGTGGCATCTCGAGGCTCTTCCTCCGAAGCGTCGAACCACTGACGACTA
k_2151,TGCCCTCGTCCACGTGGCATCTCGAG
k_2291,TTGGTATTGCTGTCTCATAGTATCTTATCTTCCTTCCTGTTTTCAAATCTCTGATCAGTTGTTCCACCAAGTGCTTCTCTGAGTCCAGTACTTCTCCAACATTCTTCTTCTCTAGAAAGCCTGCAGCCCCTTTTCTATTAATCCCTGCCTCAAGTTGCTCCCACGTCACTTCGCCGTAGGTGTGTCTTAGACTGGGTTGGGCTATTGTATGAAAGATCTCTAACAATTTATCATGTAGTCCCGGGCTCTGCTGATTTTCATTCTTGTCTATCTTATCTCTGATTGCCTCATGGAAGCTTTTGGTGTCAGTTTGGGCTCTAACGACTGGTAATTTTTCCAGCCTTATTCCTGCTCCTGTCATTATGGTGCCAATCTGGTTATTATAAATGTTTCTCTTATGCCCTTCTCTATCTAGCTGCTCTGACAACTTTCCAGGGTTGAGGATTTTCTTTGTATTTAAATTTCCTTGGTGCCTCACTTTTTTGAGGATCCACTTGTTATGTTCTCTTATTACTGTATCTCTACACTTTGGTTTCTTTTCTTCTTCTTCTAATAAATCCTTCAACTTCAGGTAGGCTTCATATGGGTGGATTTTTACCCTCCTGGCAGGTATGGTGCCCAAGTGAACTCCACAATCGAGGGGCTCCCAATTTCCCTGAGCTAGTTGGTAGGCTGATGCCATGTGACCTTTATTGCTCTTCATCTTAGGGGGGCAACGCAGCAACAGCTCCTCAAATAAAGGGGTCAAACTCATCTGCTTATTTGATGCCTGAAGAAACCAACTCGACAGCTTCATGGTATAGGTTCTCGCACCAACTTCCTTCACTATTCTTGTTTGGTCCGTGGCTCCAAGCCCCTTTGCTTGATCTTTCACTTTGTCTACATCCCCTACTAAGTGATATTTGTCGCCCTTCAAAGCCACTTCTAAGAAGACTGGATCATCTGCACCAAACCAACTGGGGATTTCGACTTGTACCTCCTGCTCTAGTAACTTCCTAACTGTGGCTGTGGTCACCTTCTTGGACTTTGGCCGCCCCAGGCTGAGAGCTTCCAAGGCTTCCCTGTCCAAGAAGGTCCCCTTGAAATCAACTAGTTCAGACAACTCAGGGTTAAAATCCCTTAAAGCCACAACTAGCATACGTCCCTGCACCATCAGATCTCTAATCTCCCTGGGGTCTCTCCCTGTGTATAAGTTTATGTTTCTAGCAGACTTGGCTCTATTTGACATGGAATTTTTTGAACCCAGGACTAGAACTAAGGGCCTTTCATCCCTAGAATGTATTTCATCAGTTAAGGTGTGGTCTTGCAGTCCGGGCCCTGGGTAACTTCCTTCATCCAATCCAATTTTTATGGAGCTTTGACCACCATCAGCATTGGTCTCTATTTTTTCAACTACGGGTGTAGTACCTGTCGTCATTAAGGCTGCCCTTCCAACTAAAGTGATCCCAACCTCTGATGTATCCAATTGTACTTCTGGTTGTAAGTTAACATCCACTACTGGGTCGGTGACCACTCTCTCTCCCAGTACTGGTTTTATAGTCCCAATATCTTCATTTACAA
k_2293,TTTGGTATTGCTGTCTCATA
k_4571,TCTGTCTGGACGGGAAGAGGTACACGCCTTCCCCACTTTCATCCACATCATAAACAGAGTCAATTGTCTTGTAGTCTAACCCTCCTAGCCAGCTCTTTTCTACGTCAGTCTTGACGTTCTTTAGGTAGTACAACTTGACTAATTCGTAGGTGGGTAGGATCAGAACAAGGGTCAGGAAGTCGGCCCATAGGGTGGCGATCAGCAAGAGGATTGGGGCCCCTTGCAGTAATAAGCCAGCTATGTCAACTTTCCATCTCGTGACAACTGTTGCTGAAGTCAGGTATAATAGTATGAAGGTTAGTGGTCTCCAGTTTGGTATGGTCAGCTCAGGGGTTTTAATTTCACCCAAATGTTTAAGGCTCCGAATAAGGAACACCCCGGCTACTAAGCTGAGGATGCATTGTATCCACCTTTTATACCTGAAGTAGTCTGTCACATAACTAATCATCAGTAGGGTTAAGGTGAGGACTGCCATAGCTGCGTCCACTCCGGGCCCAAAGCCTAGTCCCGTGATCTTCAATGCCGCTACTATTGTGACTAGTGGCACCACAGTGGGGTCACGCCTGGCTATAACCAGACCTACTACGATGATCGTAATCATCGTGAAACTGAGGTCTACCTGCTCTAGGTACCCCTGGGCACCTGGTTCAGCCTTTGCCATCCCTCCAACCATCAGCAGTATTACCGTCACCGATTTTAGTGGGTGCATCACTATGATGTGGAATATAAGTATAATCCATTTTTTGATGTTTTCCTCTCTTAGTAGTAGGTATAGTAGTAAAAAATATGTCACCACTTCAACACTATCATGTGTTAGCAAGTTACCCATCATCACTATTTCACCTGCCCCATACTGGGTACCCAAGGCCATTTGTTCTGATAGGATCATGTATGTGACCAGCAACCAAAGCACGTACCTGCCACCTAGGAGTGCAACTACTATCACCAGTAGGGACTCAGCGAAGTAATCCCTGTGGTGGTCAGTGATCTCTAGGTCAAACCAATATTGGTACTCCCCCTTTAACATGTATTGTTGGAAATAGTTGTCCCTAGGCTCAAAGTACTTGTTCTTTAATGTTCTCGTGTAGTTAAAGGTGCATGCCGTTTTTTCCACCGGCCCCTCACTGGGTATGATTTCATATGGTTTGCAAGGCATAGG
k_4573,TTCTGTCTGGACGGGAAGAG
k_4719,GGTGGTTGGGCTCATCACCCAGGTATGCACCCTTGAATCCAACTCCGGTGTATCTCTTTGCCAATCTAGTGACCACACCGTGCTCCATCTCCCATTTATCAGTAGCTAGAAGCATTTTCCCTTTGCCATAATCTATCCTTGCTGTGACTCCTTTGTAATAATGATCCACAAGTCCTTCTAGTTTTGCAACTGGTTTTATCTCTTTAAGGCTGTCATCATAGTACTTGGTAACTCTATAGTTGACCGGCCCTCTACCAGGCCTGTTCCTGCAGAGAAAAGGCCCTTTCTCCTCCACTTTGGTGAGACTGCCACTAACGTTCCTCAGTGCTTTCATCTCATAGCCACATGGACACTTAGTCTCTACTCTTAGATAGTTGTCTGTGGGTAACCTAATTCTCTCATCACTAGGAGTCCAGTCACAACTAAATGGTGCGGGAGCCCACCCCAGTAACATTTTCTTTACGCCTATATTTATCTGTTTATGTAGGCTATAGATCAAATCCAAGATATAATTCCCAGACAGGTTCCTTATCTTCCCTTCAGAGTCCATTCCTAGTAGTTCGAAGGCTTCAAACATTATCAAGGTGAACAGGTTCCTGCCTGCTGTCCTCTCGGATAGCTCTTTTGCTTCCCAGCCTTTATAGTAAACCCCATACAGGTGATATATGAGCCTCAAGGGGTTGCCAATTGTCTGGACTGCTTCAAATAGGGCCATTATTATTTTCTCTGGGTTTTCCTTTACCAGCTCATCCGTTGCCGCCTGGTCCAGGAAGTTCTTTACAAACACTTTCATTAACAGGGTCCTTTTTTGTTCACTAGACTCGATGGCATTGTGCGCGGCAATTGCCCCCACCCCCAGCATGACAGATATACCTACCGACACCGGGTTCTGAGACAGAATCTCCATTGCTGCACTGATCCCCGTACCCAACAGTCCATCACTTTTTCCCTTCCTTATTGAGAGGTAAGTTTTGTATATTGTGGTACTAAGTATGACTACGCTCTCCAGTCTAGTCGGGGTGAACATCTTTAGGGCACTGGTAGCATAGGGGAGGTATGCCAAGGCTGGTTCTACTACCTTGGAGAGGTTATGGTAATTCCAAGTTTTGTATGTGTAGGTTGCTAAAGCGGAGATGAATAAGCTGGCGACGAAACGCCTTCCCTCCTGTTGGGTTTCAGAATCTCCTGGGAAGGAGGGCTTATTGATCACATAATAAACAACCAGGTCGACAGCTGCTTGTCTCACGTGATCTGTCACCGACTCACCCCCGAAGGCCAGCCACTTTATCACTAGTGTAGCGAATGCAGTTTCATGACCCAATCTCGCGGCAATACTCTTGTAGAGTGCCGTGTGTGTCCCCCACAGGCCATATCTAATTATGGTCTCTTTATTTTCTATGATGGAATCAATAAACTTTTGGACGTACCCTTTAGCAGCTTCCACATTTTCTTTGAAAACGGGGGCAGATCTTATCTTTTCTGCTTGGGACCTTACGAAATCCAATCCCCCGGTTGCATAATCCGAGATGGATCCTATGATTTTTTCCACGTCACCCACTGCCAATTCCTTTAGTTCGGTCTCCTTCCCCTCAGTCCTTATAGCGTTGGGCGCGTATTGAAGGTGGGTTGTGTCCTCTAGTCTTTGATCTTCTATGGTATATATGTCTGTGATCATTGGGACGTGCCTTTTTGACAAGGCTTGGTATCCTACATACCCGAATAGGGCTATGAGCAAGGCATTTTCGGCGGATGACAGTCCGACCACTTGTTTCAGTGCTTTTCCAGTCTCCACCACTTGCTGATTCCCTGGGTCTGGCCAGTCCAAGCCCAGAAGGTCCACTGCCAGATCTTCATCTTCAGTGGCATAGATGTACACGGGCACGTCTTCCCCTAGTTTCCTCGCATTCAGGAATGAGTAGTTCTCGTAAGTATCTGTAACCTCCCCATTCCTTATCTTTGGAAACAGTACAGGAACTTGGACCTCATAACTGTTGTATGCAAGCTGAATAGGTTCTGGGTGATCAGTTCTTGCCATGATGTTTTTGACAGCTGCTGGCAAATCTTCAGAGATAAGTAGATTGTTCAGTATTTCCAGCTGGGTTATCAGCAAGCTGTCTTCCTCGTACAGGCTCCAATCATAATTCATCTCCCTAAAGGACTTTGTTACATTGATCCCATCTTCGATCCCGTACCTCTGTGCCTGTAACAGGTCATAGTGGTAGTCCTTTGACCCGGTTGCTGTTTCCTGACTTCTATAATACCTACCGGGCTTCACTCTACCTACCCTACCTCTCCGCTGAGCCTGTTCGCCTACAGTGACAGCCATTCTTTTAAGCCCTGTTACTATAAAGGGTATTTTGGAAGACACCCTCACCCTCTTTTCACATT
k_4733,AGGTCACGGTGGTTGGGCTCATCACC
k_5103,TCAATGGTGTGGGGCTGTCCCTAGCTTGTGTCACCACGTTCAAATCACTATCTCGATCATACCGGCATGTGACGGCACACTCCCTTGGTGGCTGACCCTCAGTAAGGTTGGCTTGAGTTCTATTCATAAGATGGATCCAAGGTTCGATATTGTACCAGTTGCACCAACCATGTTTGTTCCACTCATGGCGTTGGAGTCTACAGCATGTATAATTTGTCTTCTCACTTGCATCCATCA
k_5129,TTCTTGCAGCCTGTCAATGGTGTGGGGCTGTC
k_6579,TTTACAAATGTATAAGCTAACCATGTCGTTACTGTGGCGGCTGGTATGTCTTTCTCTTCGAGGTTATTTCTGTGTACCAATTCAATTAGCCTGGTCAGGTTAGACAGGGTTAAGTCGTAGGTAAATGCACAGCCTTTCTTCATTTTTAAAAACTGCACTGTATTTTTTGTTATAGTTGCACAGTCTCTTTCTACTAGGTCACGGTGGTTGGGCT
k_6603,CCAATATCTTCATTTACAAATGTATAAGCTA
k_6761,CCCCTTTCTCCACTTGAATCCAATCTTGTTGCCATCTTTGATA
k_7859,GTTTGCAAGGCATAGGCCCTAGTTTATCATCCATTGCAATGACTTGCACCACTGTGTCCCCTATCTTGCATTTGACCAAGCCAGATGGCACTATAGCTACGCCATCTCTGTTGCAAGAAGTCTCATCCACTTGTCTATAGCCACTCTCATTCTTCAGTCTGCATTTGCCAATTGGGAAATGTGGCAGGCCCTCACTTTTTAAAAACTTGTAGCCACACCACTTACAAGACTCGACGGGCCCAGCTATATACTGTAATACATCCCCCGGCACACAAGTCCAATTCCCTCCTAGGTCACAGTTGTAGAGGTCTTCCCCAACGGTTTTCTGGGTGACACAGCCCTGCCTGTATGGAAAAGGCCTATCCCTCTTATACGTTCGCACAACGGTTGTGGCTAACGTATCCTCATTGGCCAGTGTACAGCTTACAGTCCCTGTCCATCCTATAGGGCAAACCATCTGGAAGGCTGGCCCATTTAGAAGTGTTGTATTAAACTTTCCCCTTACCAAGGGTCTAGCATCACACGGGCAAAGACCGAATTCAAAGTTGTCAT
k_7865,ATGGTTTGCAAGGCATAGGCCC
k_7977,ACACATAAATGTGGTATAATTTGCTGTCACTACCAGTTACTCTCCCGATTCTTTTAGTTATCTCACACATAGACGCTTCCTCGAAAAACTCCAATGGGGCTCTATGATAGACAGGTCCTTTATAATCCTGGTAGAATAACGGCCCTGGTTTTAAATAGATTCCACTCACAGGTCCCTTGCTATTACCCGACCTGCAGTCACCTCTTTTTGGTAAAGAAGCCAAATTGGTGGGAACTTCACGCTCCCCTCTTTTATGTGGTAGTTTTAGCGTTGACTGCGGATGAATCACCCCTCTTTCTCCAAACAAAGGGTTACCAGCTTGGTCGTATACTGGTTCCTCCACTCCAGTGGGTTTTTGTTTGTATGTT
k_7985,ATACACACATAAATGTGGTATAA
k_8701,ATTCAAAGTTGTCATCCATTTCTATTATGTCCTCTTGTTCTTTTCCATTTAAAATTTTTTCAAATACTACAGATGTCGGCAAGGCTCTCGTGTGTAGAATAGCCAGATACCTGGCTTCCCTCTCACACCTAATTAGATGTCTGAACTCTCCATTTTTACACCAAACTTCAACTGCTGAGTCCCGCAGCCGCATCCCATCTGAGTATTCGTACCACTGAGTGGTGAGGCCTGTAGCTCCAAGTGGGCCAATCTCATCATTTTTTGCTATGGCATATGAAAAGTCGGGTTTGCAGTCTGGGTACCCTTGCGCCCCTGTTATGAGTATCAGCCACAGTATACCTTGCAATACTTGGCCTCTCACCACCTTCACCAGACAAACCAAGAATGCAGTGGTTGTAGCAGCAGTCCAAATGCGCGTCAGATCCTTCAATGCCCTTAAGACAATCTTGATGACTTGACCCACCTCTTCAAACGCCAGGACCGTGGCCGTCTCATAAGGCCACCAATTTGGTCTTATACAGACATATTTACCCAGGTTCCAAACTGACCCTGGTATTACTTCTGCTGTTGTGAGTTCTACGGTGAGGTTTAGTTGGTTTTTGTCACAATCTTGTATATCCGTGTGTGCTTGTGGGATAGAGAAATGAAGAACCAAGTAAATCACACTGGCTGTCTCTGGAGCGAAATCGGATAGCACTACCACTGAGAGTAGTAGCACCTCTGACAAGTGACCCCCCATCTCATGCAGTATTTTACCATCCTCAGCATTGGTGTCAAACCTACCAGGGCCAATGATCTTTGTATTCCTAGGCAAACAGGCAGGAGTACAATTCTTTGTATACCAGATGTAACCAAGCTTCCGTTCTACCTCACAGTAGGGAGAGGCTGCATATGCTCCAAACCATGTCTTACTCTTGTTTTCCAGTTTCTTTCCTAGTATCCTAAGCTGCCTGCCCAGCCAAGTTGTTAGCTTTGCGGTCCCTTGCCTAGCACTCTCTAGGGAGTTGGTCATCCCGTCTACGAGGTAGTGAGCTGTGTCTTGAATCACACTAGTGCAGTCATGCTCTTTAAACAGCACATCACTTACGGCTATTTCAAAGTTGCAAGGCCCTTGCACCAATATGCCTGCAAAAGAGAAGTTCTTCCCTTTCTTGCAGCCTGTCAATG
k_8709,CCGAATTCAAAGTTGTCATCCAT
k_11307,AGGCCAATAGGGCTTTCTCTAGTTTCTTGCGTGACTCTTGAGGTTTATTCTTGTTGTGGTATAAGCCATCCTGGGTATTCTTGCTCTTGACTTTCCCTTTTTTCTTTACCTGATATTTGACTCCATCTACCACTATTGTGGCGTCTGGTGGCTTGGTCTTGCTATCTTTCTCTGACTCCTTAGGTGTTATCTTCATTCTCCCCTTTTCCAACCTATCTGGCTTTTGTTGCTTCTTCCTCACCGCCCCTTCATCTTTTGTGTCGGAGCAACTTGAAACCCATAAGGGGCAGTTTAGCTTGTTGTGGACCCATTTGAGTATTTTTTGGCGATCTTTTGTAGCGCTCTTGACTATTATACACCCATCAATACACACATAAATGTGGT
k_11323,TATTGCCCAGGCCAATAGGGCTTTCTC
k_12145,TTATTTTTTGGGGCTTGCCCGCTTCATGTAGAATTTGCATCCCATTGTTGGCAAATTTTAATCCCAGCCCCTTCTCTGTTATTAGGAAGCCATCATCCCCAC
k_12147,GTTATTTTTTGGGGCTTGCC
k_13269,GCATGCCGTAGACTTCTTCTTCCCCATACCAGCTTGCTACAGTCTGGTTCCTAACCTTATGCTTTATTATAAGGTTCTTTAACCTTCCAGATAGTATAAAAAACTTCTTTAAGCCCTTGCTCTCTTCTTCTTCCATGGACCAGTTTAACTCTATGAGTGCTGCTACCACTCTTGACAGCACATTGGTACCCCCTGATATCTCTTCAATAACTTTTCTATGCATGTAGTACATAAAGTCCAGGGTTAGGTAAGCCATATACACCATCTGCCATTTGCTGCTAATACAACTTATTAGCGTAGCTCTGATGAGGGGCAAGAGTATGCTGATGTTCTTATTTTTTTTCTGTCTGGACGGGAAGA
k_13279,TTTTGGCATGCCGTAGACTTCTTC
k_15655,CACTTGCATCCATCATACCGTGAATTGCCTTCAGTTCCGTGTCAGTGGCCAGGTGGGAAGGGACACCTGTACAGATTTTCTCTGGCCAAATCCCATGTAGACTTCTATTCACGCCTCTTTGAAACATGGCTCGTTGTATTCCTTCCGTTCCATTATCTTGCAAGTTCCATTGTGTTATGTTCTCTCCCGCTGTGACTTGAAAGAATACCAAGGCTATTATTGCCCAGGCCAATAGG
k_15663,TTCTCACTTGCATCCATCATACC
k_15909,TCACCCTCTTTTCACATTTTAGACCTGTGTCAACAACTGTGTCTAGATCTGGCAGCGTTACCCCTGACTCGATGGCATTGGTGGCCACCACAACATATGGGGATTGTGATGTCACCACTCTCAAGTTAGCCGGGTCTTCCCCACTGTAGTAATACCCTGAGTTGTAGCCCTTGGCTTTTAGTTTCTTGGCTACATCAACTGCCATGTTCCTTGTGGGCACAAAAACCAACATGTTGCCCTTCA
k_15911,CTCACCCTCTTTTCACATTT
k_16967,TGCCCTTCATCTCCTCTACAGGGATCTTTAACCCCGCTATGTCAAGGAACTGGCTTCCGAGGTCCTCCCCTTTCATCACCTCAGGGGCTATGAATTCTTCTATTGGGTGTTTTTGCCCTGTTGTGGTTACTGACCCTGCTGGGGTAGCGGTCATGGCAACCACCCTTATGCTCTCAGAAAATCTGTGAATTTTTCCTATAACGGCCAACTGCTCAGGAGTGGCGCAGTGATATTCATCCAGGAATATATATGAATACTCTACCATTGCCGCCCTGAGTTTTGGCTGTGGCATTTGGCAAAAATATCCATATGAGGCATATGTAATCCCAGTTGCCATGTCCCCTTCCTTCAAGTCCCCTATTCTCAGGTTGAAGGAGATACTTGGATGTTTCAATCTCATGTATTGATAGACTGACTCAGCTGCTGCCCTTAATGGTATAAGCACTAGTACCCGTTTGTGTCGTCCTATCTCCTCTATCACTGCCTTTGGGAGCTCAGTGGTCTTCCCTGCCCCTGTTGCTAGGGTTATCTGCCTAAAGTCCCCCCTGTTCATGCTGGTTATCTTCTTGACCATTTCTGTCAAATCGGCCGTATTTTTTGAAACAGTCTGTATACCACTCATTAATTTCGTGGGTTTAGATTCCTCATTCTTTCCCACTTTAACTCTGCCGACCACTCTGCCGCTGGAGGCTTCAAATATGGGTAGACCTGACCATCCTTTCAAATTTTTTAGGTCAAAGAAAGCTGGTGTACCTGATGCAGTAACGCATGTAAACTCCCCACCCGTTTTTTGGAGGTGTACGACAGCTCCCTTGGACCCTGATATGTTTACTGCCTCTGGATTTAATACATAGCATCTGGCACCGTCTGGACATCCGGAGTCCGTTTTGACGCCATATTCTGTCTCATCAGTTAACTTGTTGTTACTTTGGCAAACCACTCTAGTCCTACCCATACTATCACAAACCAATAGATCCTTACCAGCGGTCACATGGTCTACTGAGCTTATGCCACCTTGATGCGTGTAAGCCCAACCGGTTTCCAATCCCCTCCTTACCTTTAGTAATGCTGTCGGGAATCTCACTGGAGCCCTTGGTGTGGTTCCTCTTGGCATAACCCCGAAAAACGCAGTCAGCTTGTCCAGTATGTTAACATGGCATTTTTCGTGCTCAGTTATTTTCTTGCACACGGCAGGTCCCCTTAGAATCCATCCTAGGTGTTCTAGGTCGCCGATTTCTTCTCCTAGGTTGCCTACCATGAGCATTTTTACTTTGGTTGCCAATATGGGTAAATTCCTCAAGAACAATTGCCCCCTAGCAGTGTATTGTACAAACCCACTGTATTCCTGCCTGAAGGGTCCTTCAAAATTACCTTCCCTTATAAAGATTCTCTTGTAGTGCTTTTCTTCAAAATCAGCTAGAGTCATCCCACAAGTAATGGGCTTCCCGTGGCGGCCGCACTTAGGGCAGTTGCCTCCCTTCCACTTTCTAGCCTCACATACTGTGCATAT
k_17421,CACAGACATGGATCCTTGCAACCCTATTGAAACTCTTATATGGAACCCCCGTACTTTCACAGAAGGCATACATCATTGTTAACACATTTAGCATGCTGTTGCCTGCACTTGTGTCTGGCT
k_18859,AGGAAGCCATCATCCCCACAGACATGGATCCTTGC
k_19027,CTAGTCCTACTAAGGGCATGGCTAGCCTCTTTTCGGCCTTCGCTAAGGAGGATTTTTGTCCCCTAGACCTAATTATTTTTTAGAGTGTCCAATATGTATACGAGAACTTGCCTAAC
k_19031,TGCTAGTCCTACTAAGGGCAT
k_19509,CTGCACTTGTGTCTGGCTGGCCGCTTCCCCTTTGTCCATTTCTTATGTATACCTCACCATCTGCCGTTATGACGGGCACCTCCACCATATGGTCGGTAATGGTGTCGATGAATTTGTGCCACTCTTTCCTGTAGTAATATTTTTGAATTTCACCAATAAGCCGTAGATCTCTACTAGTTACTTGGGTGTCCCAAGCCTTAGTGTCAAAACTCACAGCTACTGGTTCATTGAACAGATCCCATTCCTTCCTCACCTTGTTGAAGATGTTAAACAACGGGGTCTTCCCTTCATACCCTGGGATCACGACTGGCTGCTGCTTCACCCAGTTGTACATTACTTTAGTAATGGCTAGTCTTGTCTTGGCTTCGGGGTATTGAATCACCCTTGGTTTCTTCTCATCCACCATGTCCCCTGATTGCCAATCATCACTGACATCTCTCTTCTCGTTTTTTGGTATTGCTGTCTCAT
k_19511,CCTGCACTTGTGTCTGGCTG
k_20453,CCCTTGTAATGTATAACCTTTGTCAGGTATGTACAAACGGCCAGTTTTGCTAGATATCAGCCTGTCGGCATTGACCAGCCAATTGCCTTCCTCTTTCCCGATGGTTACACAGTCTTGGATAATTCTTTTACTTGTGTGTTTGGACCAGATCCCTAATGTGGACAGGCTTAGGTTTAGATTAGCCAATTTTTCAAAACCCGTCCTTTTTAAATCACTCAAGTTCTTACCTATCACATCTTTGTAGGCTCCTATTGGGTCTCCTTTATAGTAGTAAGTGGTCTGGGTTGATGGGGTTGTCTCTGGCTGCTGTGAAAGAACCAGTAGACAGATCCTCCTCACAAGAGGATTCCAGGAGTACATCAGCAAAAAACTGAAAGCCACTGCTTTTTCATATGCTATAGTACCCCTTTCTCCACTTGAAT
k_20457,TTCCCTTGTAATGTATAACCT
k_20649,TCTGCAGCACCCTATCAGGCTGTATTCGTAGCGGTTGGTTAAACCGCTTTCACCTGAACGACCCCCGTCCAGGTTAAGATGTGCTGTGGGCATGCCCTCGTCCACGTGGCA
k_22345,CTTGTTGCCATCTTTGATAATATGACAGCAGTGTCTCTGCCGGCCATGTAACTGCTGGAGTTATCAGACCACCTAATGGGGACTGGTGTATGAGAGCAAAACTCTATGTCCTCAAACCTATAAGCAACTTTCATTCTTTCCCCTTCAGTTATTTTTTGGGGCTTGC
k_23011,CACATACTGTGCATATTATGCAATGTTTATTCTTGTTTAGTGTGCAAGCCCTTATTATGGTCACGACTTTTGGCATGCCGTAGACT
k_23017,CCTCACATACTGTGCATATTAT
k_23735,TTGTATAAAAGTTCATTTGTGATCAACTCCATGTGCCATGTAC
k_23773,GGGTTTTTGTTTGTATGTTTTGTATAAAAGTTCATTTG
k_24059,ACCAACATGTTGCCCTTCATCTCCTCTAC
k_24321,AACTCCATGTGCCATGTACAGCAGAGATTTTTAGTAGCAATACAGTGGGCCTCTGCAGCACCCTATCAGG
k_24393,GGACGTCGGGTATTCCCTCATACAGCTAAAGTGCTGTGTGCATTGAGTGTAGTGTTAGCTTGAGGTAGATATCACCACTAATCTCAACTAAGTTTATATATAATATATACAAATACAGATTTATGTACAATATATACAATTATTATTTCAACTGCTGGCACCTACGGCTGCCATAAGCAGAACTTTCAGCCTCCTCAACAGCAGATTCACTATAGGGCCTAGTTTATATCTCTCCGTCCCTACTCCCATGACTGGGTTAGTTGTTGCCTGCAGTTGAAGCTGTTCATAATGTTTCCCTTGTAATGTATAAC
k_26791,TTATTTTTTGGGGCTTGCCTGCCTCATGTAGAATCTGCATCCCTTTATTGGCAAATCTCAGTCCTAGCCCTTTCTCAGTTATAAGGAAGCCATCATCCCCAC
k_30005,CACAGACATGGATCCTTGCCACCCTGTTGAAGCTCTTATATGGGACACCTGTACTCTCACAGAAGGCATATATCATGGTTAAAACATTCAACATGCTGTTCCCTGCACTTGTGTCTGGCT
k_30633,CACTTGCATCCATCATACCATGGATCATTTTCAGTTCAGTATCAGTGGCTAGATGGGAGGGGACGCCAGCACAGATTTTTTCTGGCCAGATTCCGTGTAGGCTCCTACTCACGTTTCTCTGAAACATAGCCCGTTGTATTCCTTCAGTCCCATTGTCCTGCAAATTCCATTGAGTTATGTTCTCTCCAACGGTGACCTGAAAGAAAAGGATAGCCAATATTGCCCAGGCCAATAGG
k_32369,CTTGTTGCCATCTTTGATAGTATCACAGCAGTGTCTCTACCAGCCATGTAACTACTGGTGTTGTCAGACCACCTAACTGGAACTGGGGTGTGAGAGCAGAATTCTATATCCTCAAACCTATAGGCGACTTTCATTTTGTCCCCTTCTGTTATTTTTTGGGGCTTGC
k_33769,TCACCCTCTTTTCACATTTGAGCCCGGTGTCAACAACTGTATCCAAATCTGGTAGTGTCACTCCTGACTCAATGGCATTTGTGGCCACAACTACATAAGGGGATTGTGAAGTTACTACTCTCAAATTGGCCGGGTCTTCTCCACTGTAGTAGTACCCTGAGTTGTATCCCTTGGCCTTTAATTTTTTAGCCACCTCGACTGCCATGTTCCTTGTTGGCACGAAGACCAACATGTTGCCCTTCA
k_34407,CTGCACTTGTGTCTGGCTGACCACTACCTCTCTGACCATTCCTTATATATACTTCACCATCTGCCGTTATAACTGGCACCTCCGTCATGTGATCGGTGATTGTGTCAATGAACTTGTGCCATTCCTTTTTGTAGTAGTACTTCTGGATTTCACCAATGAGCCGTAGATCCCTACTGGTCACTTGAGTGTCCCAAGCCTTGGTGTCAAAACTTACGGCCACTGGCTCGTTGAATAAATCCCATTCCTTTCTCACTTTATTAAAGATGTTGAAGAGGGGAGTCTTCCCTTCGTACCCTGGTATCACGACAGGTTGCTGTTTTACCCAGTTGTACATGACCTTAGTGATGGCTAGCCTCGTTTTGGCCTCAGGGTATTGTATGACTCTCGGTTTCTTCTCATCTACCAGATCCCCCGCCTGCCAGTCATCACTCACATCCCTCTTTTCATTCTTTGGTATTGCTGTCTCAT
k_35299,GCATGCCGTAGACTTCTTCCTCTGCGTACCAGCTAGCCACAGTCTCATTTCTGACTTTATGTTTTATTATTAAATTCCTCAGCCTCGCCGATAGCAGGTAGAATTTCTTTAAACCTTTGCACTCTTCATCTTCAATGGACCAGTTCAACTCTATCAGAGCCGCCACTATTCTAGACATCACGTTGGTCCCCCCTGAGATTTCTTCTATGACCTTTCTGTGCATATAATACATGAAATCTACAGTCAAGTAGGATATGTAAATCAGTTGCCATTTGCTGCTAACGCAACTTATTAGCGTTGCTCTGACGAGGGGTAAGAGTATGCCAAAATTTTTGTGTGCCTTCTGTCTGGACGGGAAGA
k_36017,CTGTTGCTACCCCCCCCGGTATGCTAGTCCTACTAAGGGC
k_36025,ACCACTGTTGCTACCCCCCCCGG
k_36539,ACACATAAATGTGGTATAACTTGCCATCACTACCAGTAACCCTCCCAATCCTTTTTACTGTTTCACACATAAATCCTTCCACAAACAGTTCCAGCGGGGCTCTGTAATAGACGGGTCCTTTGTAGTCTTGATATAATATAGGCCCTGGCTTTAGATAGATTCCACTCACAGGCCCTTTGCTGTTACCTGATCTGCAGTCACCTCTTCTTGGCAAGGCAGCAATGTTGGTAAGGATATTGCGTTCACCTCTCTTGTGTGGGAGCTTCAGTGTTGACTGGGGGTGGATTGCTCCTTTTTCTCCAAACAATGGGTTGCCTACCTGGTCGTAGACCGGCTCCTCCACCCCCACGGGTTTTTGTTTGTATGTT
k_36857,TCTGCAGCACCCTATCAGGTTGTGTCCGTAACGGTTGCCCGCTTTCACCTGGACGACCCCTGTCCAGGTTAGGATGTGCTGTGGGCGTGCCCTCGTCCACGTGGCA
k_36905,TTGTATAAAAGTTCATTTGATATTAACTCCATGTGCCATGTAC
k_37573,TCTGTCTGGACGGGAAGAGATATACACCCTCTCCACTCTCATCCACGTCATAAACAGAGTTGACCCTCTTGTAATCCAACCCTCCCAACCAACTCCTTTCTACGTCAGTCTTAACTGTCTTTAGGTAGTACAATTTCACCAGTTCATAGGTAGGTAGGATTAGTAACAGGGTCAAAAAATCAGCCCACAGGGTGGTTATTAGCAGTAGTATGGGCACCCCTTGTAGCAATAGGCCTGCAAGGTCAATCTTCCACATCGTGACAATTGATGTTGAGATCAGGTATAATAATATGAGTGTCAATGGCCTCCAACTCGGGATCGCTAGCCCTGGTGTCTCGATTTCACCCAGGTGTTTTAAGCTTTTAATCAAGAACACTCCCGCAACCAAGCTAAGGACACATTGCAACAACCTCTTATATCTAAAGTAGTCAGTTACAAAGCTAATCATTAGTAGGGTTAGAGTCAAAGCTGCCATGGCTATATCCACTCCAGGTCCAAAGGCTGGACCTGTAATTCTCAGTGATGCAACTATTGTTACCAGTGGTATCACTGTTGGATCACGTTTAGCCACGACCAGGCCCACAACAATGAGTACTACTATTATGAAGCTGAGGTCCACCCGTTCTAAGAGCCCCTCAGTCTCTGACTCAGCTTTCACGGCCCCCCCTATCATTAATAGTATCACTATTACTGTCTTCAGTGGGTGTTCTACAAAAAGATGGTATAAGAGTATGACCCATTTCTTGATACCCTCTTCTTTCAGCAACAGGTATAACAGTAAAAAATATGTAATCACCTCAATATTTTCATGTGTTAATAGGTTGCCCATCATCACTATCTCTCCTGCCCCATACTGAGCACCTGAAGCCTTTTGTTCTGATAAAACCATGTAAGTGACTAGTAGCCAAAGCACATACCTGCCGCCCAAGAGAGCCACCACTATCACGAGGACAAATTCGGCAAAGTAGTCCTTGTGGTGATCTGTGACACTTAGGTCGAACCAGTATTGATACTCTCCTTTCAGCATGTATTGTTGAAAATAACTATCCCTGGGCTCAAAATACTTATTTTTCAGTGTCCTTGTGTAATTGAAGGTGCACGCTGTACTCTGTACGGGTCCCTCACTAGCTGTGATCTCAAATGGTTTGCAAGGCATAGG
k_37711,TCAATGGTGTGGGGCTGTCTCTAGCCTGTGTCACCACATTTAGGTCACTATCCCTGTCATACCTGCATGTAACAGCACACTCTCTTAGTGGCTGACCTTCAGTGAGATTGGCTTGGGTTTTGTTCATAAGATGAATCCAAGGTTCAATATTATACCAATTGCACCACCCATGCTTGTTCCATTCATGGCGCTGAAGCCTACAGCAGGTGTAGTTGGTTTTCTCACTTGCATCCATCA
k_38053,TTTACAAATGTATAAGCTAGCCATGTGGTTACCGTAGCCGTGGGAATGTCTTTCTCTTCAAGATTATTTTTGTGTACGAGTTCAATCAACCTGGTTAGATTGGATATAGTTAGGTCATAGGTAAATGCACACCCTCTCTTCATTTTTAGGAACTGTACCGTGTTTTTGGTTATGGTTGCACAATCCCTCTCTACCAGGTCACGGTGGTTGGGCT
k_38337,GTTTGCAAGGCATAGGCCCAAGTTTGGTATCCATAGCTATGACCTGTACCACTGTGTCTCCTATCTTGCATTTTATTGTTCCAGTTGGCACTATGGCTACGCCTTCTCTGTTACACGAGGTGTCATCCACTAGTCGGTAGCCTGTCTCATTTTTTAACCTGCACTTGCCGATAGGATAGTGTGGTAGGCCCTCACTTTTTTGAAAATTATGGCCACACCACCTACAAGTCTCAATAAGGCCCCCTGTATATCTCAGCTGGTCCCCTACTATACATGTCCAGTTGCCTCCTAGCTCGCAGGTGTAGAGATCTTCTCCTACCACCTTTTGTGTGGTACAACCCTGCCTGTAAGGGAATGGCTTGGTCCTCCTAAATGTCCTCACCTTGGTCAAATCTAGGGTGTCATCATTGGCCAGCATACATTCCACTGTTCCTGTCCATCCAATAGGACACACCATCTGGAAAGCTGACCCGTTTAACAATGTCGTATTGAATTTCCCTCTCACTATGGGCTTAGCATCACACGGACAAAGTCCGAATTCAAAGTTGTCAT
k_38493,AGGCCAATAGGGCTTTCTCAAGTTTCTTGCGTGACTCTGGTGGTTTATTTTTGTTGTGATATAACCCATCCTGAGTATTCTTGCTCTTGACCTTCCCTTTCTTCTTTACCTGATACTTAACCCCTTCTACCACTATTGTGGCATCCGGTGGCCTTGTTTTGCTATCTTTCTCAGACTCCTTTGGTGTTATCTTCATTTTTCCTTTTTCCAGCCTGTCTGGCTTTGGTTGCTTCTTTTTTACTGCTCCTCCCTCTTTTGCGTCAGAACAGCTCATGACCCATAAGGGGCAATCTAGTGTGTTATAGACCCATTTAAGCACCTTTTGATGTTCCCTACTGGCGCTCTTTACCAATATGCATCCGTCTATACACACATAAATGTGGT
k_39387,CTAGTCCTACTAAGGGCATCCCGGGGGGGGTAGCAACAG
k_41707,ATTCAAAGTTGTCATCCATATCAACTATTTCTGCCAGTTTATGTGCACTGACGATTTTCTTGAATTGTACAGATGTTGGCAAGGCTCTTGTGTGTAAGATGGCAAGGTACCTGGTTTCTCTTGCACATGTCTCTAACAACCTTAATTCACCGCCACTGCACCAGACCACAACCATTGTGTCCTTCAGTCGCATTCCATCCGAGTATTCATGCCATGTTGTGGTAAGACCTTCAGCCCCTAACGGGCCGATCCTGTCATTCCTGGCTATGGCATATGAGTAATCAGGTTTACATTCTGGATACCCTTGTGCCCCTGTTATCAGTAACAGCCATAGCACACCCTGCAACACCTGACCCCTCACCACCTTCACTAGGCACACTAAGAACGCGGTGGTTGTAGCAGCGCTCCAGATGCGCGTCAGGTCTCTAATTGCCCTCAAGGCTAATTTTATTACCTGACCTATTTCTTCAAAAACCAGTACTGTAGTTGTCTCATAGGGCCACCAATCTGGTCTTATGCAGACATATTTTCCCAGGTTCCAGACTGAACTCGGTACCACTTGTTCTGTTGTAAGCCCCACTGTGAGGTTTAGTTGGTCCTTATCGCAGTCAAGGACTTCATCGTGGCTTTGTGGTATGGAAAAGTGTAGGACTAAGTACACCACGCTGGCTGTTTCTGGGGCAAAGTCAGACAACACTACTAGTGAGAGTAATAACACCTCTGACAGGTGACCTCCCATTTCGTGTAATATCTTACCATCATCCGCGTTGGTGTCAAATTTCCCGGGGCCTATGATTTTTGTGTTTTTGGGTAAACATGCAGGGGTGCAATTCTTCGTGTACCAGATATATCCAATTTTCCGTTCTACATTACAGTAGGGGGAAGCTGCGTATGCCCCGAACCATGTTTTACTCTTGTTCTCCAATTTTTTTCCTAGTATCCCGAGCTGCTTGCCCAGCCATGTCGTTAATTTTGCAGTGCCTTGTCTAGCACCCTCCAGTGTGTTGGTCATCCCATCAACTAGATAATGAGCAGTATCCTGGAATACATTGGTGCAGTCATGTTCCTTAAATAGCACATCACTTGCAGTTATCTCGAAATTGCAAGGCCCTCTCATTAATGTGCCTGCAAACGAAAAGTTCTTCCCCTTCTTGCAGCCTGTCAATG
k_41771,TGCCCTTCATCTCCTCTACGGGGATCTTCAATCCTGCTATGTCGAGGAATTGGCTGCCAAGGTCTTCCCCTTTCATTACTTCGGGGGCTATAAATTCTTCTATTGGGTGCTTCTGCCCTGTTGTAGATACTGTCCCCGCTGGGGTGGCAGTCATGGCAACTACTCTTATGCTTTCTGAAAATCTATGGATTTTTCCAATTATCGCCAGTTGTTCTGGAGTGGCACAGTGGTATTCATCCAAAAATATGTATGAATATTCTACCATTGCCGCTCTGAGTTTTGGTTGGGGCATCTGGCAGAAATACCCATAGGATGCATAGGTTATACCTGTTGCCATATCACCCTCCTTCATGTCTCCTATCCTCAGGTTGAAAGAGATGCTTGGATGTTTCAACTTCATGTATTGGTAGACTGACTCTGCTGCTGCCCTCAGTGGTATGAGCACTAGCACTCGCTTATGTCTTCCTATCTCTTCTATCACTGCCTTTGGAAGCTCCGTGGTTTTTCCTGCTCCTGTCGCTAGCGTTATCTGTTTAAAGTCCCCTCTATTCATGCTAGTGATTTTCTTCACCATCTCAGTCAAGTCAGCGGTGTTCTTTGAAACGGTCTGGATACCACTCATTATTTTCGTGGGTTTGGCCTCTTCATTCTTCCCCACCTTAACTCTGCCTACCACTCTTCCACTCGAGGCCTCAAATATTGGTAATCCCGACCATCCTTTTAAGTTCTTTAGATCGAAGAAGGCTGGTGTACCTGACGCGGTAACGCATGTGAATTCCCCGCCAGTCTTCTGAAGGTGTACCACCGCGCCTTTGGACCCTGATATATTGACAGCTTCGGGGTTCATCACATAACATCTGGCACCGTCTGGGCACCCGGAGTCTGTCTTGACACCATATTCTGCCTCATCTGTTAACTTATTGTTACTCTGACAAACCACCCTGGTCCTTCCCATGCTATCACAGACTAACAGATCCTTACCAGCAGTCACATGGTCCACTGAGCTTATACCTCCTTGGTGTGTGTAGGCCCAACCGGTCTCCAGACCCCTTCTCACTTTCAGTAACGCCGTGGGGAATCTCACCGGGGCTCTGGGTGTGGTCCCCCTTGGCATAATCCCGAAGAAGGCAGTTAGCTTGTCCAGTATATTGACATGGCACTTCTCATGCTCAGTGACCTTTTTGCATACAGCAGGCCCCCTCAGAATCCACCCGAGGTGTTCCAGGTCCCCGATTTCTTCTCCCAGGTTGCCCACCATAAGCATTTTTACTTTCGTTGCCAATATCGGCAGATTTCTCAAAAACAGTTGGCCCCTAGCGGCATATTGTACAAAGCCTTTGTACTCCTGCCTGAAAGGCTCTTCATGGTTCCCTTCTCTTATAAAAATCCTCTTATAGTGCCTTTCTTCAAAATCTGCTAATGACATGCCACATGTTATGGGCTTTCCGTGACGTCCGCACTTGGGGCAGGTGCCACCCTTCCACTTTCGGCCCTCACATACTGTGCATAT
k_42021,CCCTTGTAATGTATAACCTCTTCCGGGTATGTATGGTTGGCCAGTCTTACTGGATATCAACCTGTCGGCGTTAACCAACCAATTACCTCCCTCCTTCCCTATGGCTATGCAATCTTGTATTATTCTCTTGCTTGTGTGTTTGGTCCAGATCCCGAGTGTGGACATACTTAAATTTAGATTGGCCAATTTTTCAAAACCTGTCCTTTTTAGTTCACTCAGATTCTTGCCTATTACATCTTTGTATGCCCCTATTGGGTCTCCACTATAATAATAGGTGGTTTGAGACGACGGTGCTGTCTCTGGCCGCTGCGATAGAACCAACAGACAAATCCTCCTTACCAACGGGTTCCAAGAGTACATCAGTAGGAAACTAAAAGCCACCGCCTTCTCGTATGCTGCGGTGCCCCTTTCTCCACTTGAAT
k_42603,CACATACTGTGCATATTATACAGTGTCTGCTTTTATTCAATGTGCTTGCCTTTATTATGGTCATGATTTTTGGCATGCCGTAGACT
k_46281,TTGGTATTGCTGTCTCATAATACCTTATCTTCTTTCCTATTTTCAAGTCTCGGATTATCTGTTCTACTAGGTGCTTCTCTGAGTCCAATACCTCCCCGATATTTTTCTTTTCCAGGAAACCTGCCGCCCCCTTCCTATTTATCCCTGCTTCAAGCTGTTCCCATGTCACCTCATCATAGGTATTTTCTAAAGTGGGTTGAGATATGGAGTGGAAGATCTCTAATAATTTGCTGTGTAATTCTGGATTTTGTTGGTTTTCAATCTTGTCTATCTTGTCCCTTATAGCCTCGTGAAAGCTTTTGGTGTCGGTCTGGGCCCTCACTATTGGTAACTTTTCCAACCTTATCCCCACACCCGACATTATGGTACCAATTTGGCTGTTATAAACATTTCTCTTATGACCTTCTCTATCTAGCTGTTCTGACAGCTTTCCAGGGTTGAGCATCTTCTTAGTTCTGAGGTCCCCATGATGCCTTATTTTCTTAAGAATCCATTTGTTGTGTTCTCTCATTACCGTATTCTTACCACTTGGTTTCTTTTCTTCTTCCTCTAGCAGGTCCTTCAGCTTCAGATAGGCTTCATAAGGGTGTATCTTTACCCTTCTAGCAGGTATTGTCCCTAGATGCACCTTGCAGTCGAGAGGCTCCCAGTTACCCTGTGCCAGTTGGTATGCTGATGCTGTGTGCCCCTGGCCGTTTTTGGTTCCGGGTGGACACCGTAGTAGTAGTTCTTCAAACAGTGGGGTCAGGGTCATCTGTTTATTTGACTCTTGCAGGAACCAACTAGACAACTTCATGGTGTATGTCCTTGCCCCTACCTCCTTCACTATCCTTGTTTGGTCTGTGGCCCCAAGTTCTTTAGCCTGGTTCTTTACTTGCTCAACGTCCCCTGCTAAGTAGTACTTATTTTTCTTCACGACTACTTCCAAGAAAACAGGGTCATCTGAACAAAACCAATTAGGGATTTCCACCTGCTCTTCCTGTTCTAACAAACTTCTTACCGCGGCCTTTGATACCTTCTTTGGCTTAGGCTGTCCTAGGCTAAGGGCCTCTAAAGCCTCCCTGTCTAAGAAAGTCCCCTTGTAATCAACCAGTCCGGACAACTCAGCATCAAAGTCCTTCAGAGCCACCACCAACATGCGCCCCTGTGCCATCAAATCTCTGATCTCCCTGGGATCATTGCCTGTGTAGAAGTTTATGTTTTTGGCTGTTCTTGCTCTGTTTGAGATGGAGTTCTTTGAGCCCAGGACCATGATAAAAGGTCTGCTGTCCTTCTTATGGATTTCTTCAAGTAGGGTATGGGTCTGCTTGCTGGGCCCCGGGTAGTTACCTGTTTCCATCCCGATCTTCACTGTATTCGGGTTATTAGCAGCATCGGGGCTCTCCTTGTTCAAAACAGGTACAGTACCAGTTGACATCAAGGCTTCCTTCCCGATTATTGTAATCCCGACATTTGATGTATCTATTTCAACTTCTGGCTGTAAATTGACATCTGACACGGGATCGGGAATTATTTTCTCCCCCAGGACTGGTTTTATGGTTCCAATATCTTCATTTACAA
k_46929,GTCCACGTGGCATCTCGAGACCTAAATTCTAAGGTGTCGAACCACTGACGACTA
k_47677,GGTGGTTGGGCTCATCACCTAGGTATGCACCCTTAAAGCCAACCCCTGTGTATCTTTTTGCCAACCTGGTCACTACACCATGCTCTACTTCCCATTTATCTGTAGCTAAGAGCATTTTTCCATTACTGTAGTCTATTCTTGCTGTGACCCCTTTATAGTAGAGCTCTACCTGCCTTTCTAACCGTGCTACTGGTTTTATTTCTTTAAGGTTGTCATCGTAATATCTGGTAACTCTATAATTAACTGCCCCTCTACCTGGTCTGTTCCTGCAAAGAAAGGGTCCCCTTTCTTCCACTTTTGTGATGCCACCACTCACGTTTCTGAATGCTTTCATTTCATAACCACATGGGCACTTTGTCTCCACCCTTAGGTAGTTATCTGTGGGCAACCCTATTCTCTCATCACTAGGGGTCCAGTCACAGCTAAAAGGTGCAGGGGCCCACCCTAACACAGTCTTCCTCAGACATCTGTTTATCTGTTTGTGTAGGCTACAGATCAGATCTAAGATGTAATTTCCTGACAGGTTCCTAATCTTCCCTTCTGAATCCATCCCCAGTAGTTCGAATGCTTCGAACATTATTAAAGTAAACAAGTTTCTACCTGCCGTTCTCTCAGATAGTTCCTTAGCCTCCCAACCTTTATAGTACACCCCATACAAATGGTATATAAGTCTCAATGGGTTGCCAATTGTCTGAACTGCCTCAAATAATGCCATTATAATTTTTTCTGGATTTTCCTTCACTAATTCGTCTGTTGCAGCTTGGTCCAAAAAATTTTTTACGAATACTTTCATTAATAGAGTCCTCTTCTGTTCACTGGACTCGATGGCATTGTGTGCGGCTATCGCCCCTACCCCCAGCATCACGGATATACCTACTGATACCGGGTTTTGTGATAGGATTTCCATGGCCGCACTGATCCCTGTACCTAGCAGTCCATCACTTTTCCCTTTTCTTATAGAAAGGTAGGTTTTGTATATCGTGGTGCTCAGTATGACCACGCTTTCCAGCCTCGTTGGGGTGAACATTTTCAATGCACTGGTAGCATAAGGGAGGTATGCCAGGGCTGGTTCTACTACCTTAGAGAGGTTGTGATAATTCCAAGTCTTGTATGTGTAAGTAGCCAAAGCAGAGATAAATAAACTAGCTACAAACCGCCTCCCCTCTTGCTGGGTTTCTGAGTCACCGGGGAAGGCTGGTTTGTTGATCACATAGTAGACCACTAAGTCGACTGCCGCCTGTTTGATGTGATCTGATACCGCCTCTCCTCCAAAGGCTAACCATTTAATCACTAGTGAGGCAAAGGCTGTTTCATGCCCCAGTCTTGCTGCTATACTCTTATAGAGTGCTGTGTGTGTTCCCCACAAGCCATACCTGATTATCTCTTCTTTGTTTTCAATGAGTGAATCAATGAACCTTTGGACGTAACCTTTTGCGGCTTCCATGTTTTCTTTTAATGTAGGGGATGCTTTTACTTTTTCTGCCTGGGACTTTATAAAGTCCAGTCCCCCAGATGCGTAATCTGATATGGCCCCCATTAGTTTGTCTACATCACCCAATGCCAGTTCCTTTAATTCAGTCTCTTTTCCTTCTGTCCTTATGGCATTAGGCGCATACTGAAGGTGGGTTGTGTCTTCCAATCTCTGGTCCTCGATGGTGTATATGTCCGTAATCATTGGGACATGCCTCTTTGACAAGGCTTGATACCCTACATACCCAAATAAAGCTATGAGCAGGGCATTTTCAGCCGAAGAAAGCCCAACCACTTGTTTTAGTGCTTTTCCGGTTTCCACCACCTGTTGATTTCCAGGGTCGGGCCAGTCTAAACCTAGGAGGTCTACTGCCAGGTCTTCATCTTCAGTAGCATAGATGTATACAGGCACGTCTTCCCCTAGCTTTCTTGCATTCAGAAATGAGTAATTCTCATAAGTATCTGTGACTTCCCCATTTCTTATTTTTGGGAACAGGACTGGGACCTGAGTCTCATAACTATTGTATGCAAGTTGGATTGGTTCCGGGTGGTCAGTCCTTGCCATGATGTTCTTGACAGCTGCAGGCAGGTCATCAGAGATGAGTAAATTGTTCAGTATCTCCAGCTGGGTTATCAGCAGGCTATCCTCCTCGTATAGGCTCCAGTCATAATTCATTTCCCGGAAGGACTTCGTCACATTGATTCCATCCTCTATCCCGTACCTCTGTGCTTGCAACAGGTCATAGTGGTAATCCTTCGACCCTGTCGCGGTTTCCTGGCTCCTATAATATCTCCCTGGCTTCACCCTGCCTACCCTGCCTCTGCGCTGGGCCTGCTCACCCACTGTAACTGCCATTCTTTTGAGACCTGTTACAATGAAGGGTATTTTGGATGATATTCTCACCCTCTTTTCACATT
k_48317,TCTATGTACGTCGGTTTTCTTGCAGTTGCTTGATTTAGTATTCTAGTGTTTGTTTTGTTTTTTTAATGATCCGGCGACCACCGAGATCTACACTCGGTCCCTACACGACGCTCTTCCGATCTGCTGTGTGCAATGAGTGTAGTGTCAGCTTGAGGTAGATAAATGCCTATCACTACTAATCTCAAATATATTTATACTTAATATGTACATGTAACTATTTATATACAATATATACACATTCTTTCAACCGCTCGCGCCTACGGCCGCCATGAGCAGTACTTTTAGCCTCCTTAGCAGCAAATTAACTATGGGGCCTATGTTGTATCTTTCTGTCCCAACTCCTAAGGTGGGTTCTTTGCTTGCTTTCAAGGTCAGTTGTTCATAATGCTTCCCTTGTAATGTATAAC
